1;07:35:04;17;7;10;5 6 8 9 10 11 13
2;07:36:04;17;7;10;5 6 8 9 10 11 13
3;07:37:05;17;7;10;5 6 8 9 10 11 13
4;07:38:05;17;7;10;5 6 8 9 10 11 13
5;07:39:05;17;7;10;5 6 8 9 10 11 13
6;07:40:05;17;7;10;5 6 8 9 10 11 13
7;07:41:05;17;7;10;5 6 8 9 10 11 13
8;07:42:05;17;7;10;5 6 8 9 10 11 13
9;07:43:05;17;7;10;5 6 8 9 10 11 13
10;07:44:05;17;8;9;5 6 8 9 10 11 13 14
11;07:45:05;17;8;9;5 6 8 9 10 11 13 14
12;07:46:05;17;9;8;5 6 8 9 10 11 12 13 14
13;07:47:05;17;10;7;3 5 6 8 9 10 11 12 13 14
14;07:48:06;17;10;7;3 5 6 8 9 10 11 12 13 14
15;07:49:06;17;10;7;3 5 6 8 9 10 11 12 13 14
16;07:50:06;17;10;7;3 5 6 8 9 10 11 12 13 14
17;07:51:06;17;10;7;3 5 6 8 9 10 11 12 13 14
18;07:52:06;17;10;7;3 5 6 8 9 10 11 12 13 14
19;07:53:06;17;10;7;3 5 6 8 9 10 11 12 13 14
20;07:54:06;17;11;6;1 3 5 6 8 9 10 11 12 13 14
21;07:55:06;17;12;5;1 3 4 5 6 8 9 10 11 12 13 14
22;07:56:07;17;12;5;1 3 4 5 6 8 9 10 11 12 13 14
23;07:57:07;17;12;5;1 3 4 5 6 8 9 10 11 12 13 14
24;07:58:07;17;12;5;1 3 4 5 6 8 9 10 11 12 13 14
25;07:59:07;17;12;5;1 3 4 5 6 8 9 10 11 12 13 14
26;08:00:07;17;12;5;1 3 4 5 6 8 9 10 11 12 13 14
27;08:01:07;17;12;5;1 3 4 5 6 8 9 10 11 12 13 14
28;08:02:07;17;12;5;1 3 4 5 6 8 9 10 11 12 13 14
29;08:03:07;17;12;5;1 3 4 5 6 8 9 10 11 12 13 14
30;08:04:07;17;13;4;1 2 3 4 5 6 8 9 10 11 12 13 14
31;08:05:07;17;13;4;1 2 3 4 5 6 8 9 10 11 12 13 14
32;08:06:07;17;13;4;1 2 3 4 5 6 8 9 10 11 12 13 14
33;08:07:07;17;13;4;1 2 3 4 5 6 8 9 10 11 12 13 14
34;08:08:07;17;13;4;1 2 3 4 5 6 8 9 10 11 12 13 14
35;08:09:07;17;13;4;1 2 3 4 5 6 8 9 10 11 12 13 14
36;08:10:07;17;13;4;1 2 3 4 5 6 8 9 10 11 12 13 14
37;08:11:07;17;13;4;1 2 3 4 5 6 8 9 10 11 12 13 14
38;08:12:08;17;13;4;1 2 3 4 5 6 8 9 10 11 12 13 14
39;08:13:08;17;13;4;1 2 3 4 5 6 8 9 10 11 12 13 14
40;08:14:08;17;13;4;1 2 3 4 5 6 8 9 10 11 12 13 14
41;08:15:08;17;13;4;1 2 3 4 5 6 8 9 10 11 12 13 14
42;08:16:08;17;13;4;1 2 3 4 5 6 8 9 10 11 12 13 14
43;08:17:08;17;13;4;1 2 3 4 5 6 8 9 10 11 12 13 14
44;08:18:08;17;13;4;1 2 3 4 5 6 8 9 10 11 12 13 14
45;08:19:08;17;13;4;1 2 3 4 5 6 8 9 10 11 12 13 14
46;08:20:08;17;13;4;1 2 3 4 5 6 8 9 10 11 12 13 14
47;08:21:08;17;13;4;1 2 3 4 5 6 8 9 10 11 12 13 14
48;08:22:08;17;13;4;1 2 3 4 5 6 8 9 10 11 12 13 14
49;08:23:08;17;13;4;1 2 3 4 5 6 8 9 10 11 12 13 14
50;08:24:09;17;13;4;1 2 3 4 5 6 8 9 10 11 12 13 14
51;08:25:09;17;13;4;1 2 3 4 5 6 8 9 10 11 12 13 14
52;08:26:09;17;13;4;1 2 3 4 5 6 8 9 10 11 12 13 14
53;08:27:09;17;14;3;1 2 3 4 5 6 8 9 10 11 12 13 14 16
54;08:28:09;17;14;3;1 2 3 4 5 6 8 9 10 11 12 13 14 16
55;08:29:09;17;14;3;1 2 3 4 5 6 8 9 10 11 12 13 14 16
56;08:30:09;17;14;3;1 2 3 4 5 6 8 9 10 11 12 13 14 16
57;08:31:09;17;14;3;1 2 3 4 5 6 8 9 10 11 12 13 14 16
58;08:32:09;17;14;3;1 2 3 4 5 6 8 9 10 11 12 13 14 16
59;08:33:09;17;14;3;1 2 3 4 5 6 8 9 10 11 12 13 14 16
60;08:34:09;17;14;3;1 2 3 4 5 6 8 9 10 11 12 13 14 16
61;08:35:09;17;14;3;1 2 3 4 5 6 8 9 10 11 12 13 14 16
62;08:36:09;17;14;3;1 2 3 4 5 6 8 9 10 11 12 13 14 16
63;08:37:09;17;14;3;1 2 3 4 5 6 8 9 10 11 12 13 14 16
64;08:38:10;17;14;3;1 2 3 4 5 6 8 9 10 11 12 13 14 16
65;08:39:10;17;14;3;1 2 3 4 5 6 8 9 10 11 12 13 14 16
66;08:40:10;17;14;3;1 2 3 4 5 6 8 9 10 11 12 13 14 16
67;08:41:10;17;14;3;1 2 3 4 5 6 8 9 10 11 12 13 14 16
68;08:42:10;17;14;3;1 2 3 4 5 6 8 9 10 11 12 13 14 16
69;08:43:10;17;14;3;1 2 3 4 5 6 8 9 10 11 12 13 14 16
70;08:44:10;17;14;3;1 2 3 4 5 6 8 9 10 11 12 13 14 16
71;08:45:10;17;14;3;1 2 3 4 5 6 8 9 10 11 12 13 14 16
72;08:46:10;17;14;3;1 2 3 4 5 6 8 9 10 11 12 13 14 16
73;08:47:10;17;14;3;1 2 3 4 5 6 8 9 10 11 12 13 14 16
74;08:48:10;17;14;3;1 2 3 4 5 6 8 9 10 11 12 13 14 16
75;08:49:10;17;14;3;1 2 3 4 5 6 8 9 10 11 12 13 14 16
76;08:50:10;17;14;3;1 2 3 4 5 6 8 9 10 11 12 13 14 16
77;08:51:10;17;14;3;1 2 3 4 5 6 8 9 10 11 12 13 14 16
78;08:52:10;17;14;3;1 2 3 4 5 6 8 9 10 11 12 13 14 16
79;08:53:10;17;14;3;1 2 3 4 5 6 8 9 10 11 12 13 14 16
80;08:54:11;17;14;3;1 2 3 4 5 6 8 9 10 11 12 13 14 16
81;08:55:11;17;14;3;1 2 3 4 5 6 8 9 10 11 12 13 14 16
82;08:56:11;17;14;3;1 2 3 4 5 6 8 9 10 11 12 13 14 16
83;08:57:11;17;14;3;1 2 3 4 5 6 8 9 10 11 12 13 14 16
84;08:58:11;17;14;3;1 2 3 4 5 6 8 9 10 11 12 13 14 16
85;08:59:11;17;14;3;1 2 3 4 5 6 8 9 10 11 12 13 14 16
86;09:00:11;17;14;3;1 2 3 4 5 6 8 9 10 11 12 13 14 16
87;09:01:11;17;14;3;1 2 3 4 5 6 8 9 10 11 12 13 14 16
88;09:02:11;17;14;3;1 2 3 4 5 6 8 9 10 11 12 13 14 16
89;09:03:11;17;14;3;1 2 3 4 5 6 8 9 10 11 12 13 14 16
90;09:04:11;17;14;3;1 2 3 4 5 6 8 9 10 11 12 13 14 16
91;09:05:11;17;14;3;1 2 3 4 5 6 8 9 10 11 12 13 14 16
92;09:06:11;17;14;3;1 2 3 4 5 6 8 9 10 11 12 13 14 16
93;09:07:11;17;14;3;1 2 3 4 5 6 8 9 10 11 12 13 14 16
94;09:08:12;17;14;3;1 2 3 4 5 6 8 9 10 11 12 13 14 16
95;09:09:12;17;14;3;1 2 3 4 5 6 8 9 10 11 12 13 14 16
96;09:10:12;17;14;3;1 2 3 4 5 6 8 9 10 11 12 13 14 16
97;09:11:12;17;14;3;1 2 3 4 5 6 8 9 10 11 12 13 14 16
98;09:12:12;17;14;3;1 2 3 4 5 6 8 9 10 11 12 13 14 16
99;09:13:12;17;14;3;1 2 3 4 5 6 8 9 10 11 12 13 14 16
100;09:14:12;17;14;3;1 2 3 4 5 6 8 9 10 11 12 13 14 16
101;09:15:12;17;14;3;1 2 3 4 5 6 8 9 10 11 12 13 14 16
102;09:16:12;17;14;3;1 2 3 4 5 6 8 9 10 11 12 13 14 16
103;09:17:12;17;14;3;1 2 3 4 5 6 8 9 10 11 12 13 14 16
104;09:18:12;17;14;3;1 2 3 4 5 6 8 9 10 11 12 13 14 16
105;09:19:12;17;14;3;1 2 3 4 5 6 8 9 10 11 12 13 14 16
106;09:20:12;17;14;3;1 2 3 4 5 6 8 9 10 11 12 13 14 16
107;09:21:12;17;14;3;1 2 3 4 5 6 8 9 10 11 12 13 14 16
108;09:22:13;17;14;3;1 2 3 4 5 6 8 9 10 11 12 13 14 16
109;09:23:13;17;14;3;1 2 3 4 5 6 8 9 10 11 12 13 14 16
110;09:24:13;17;14;3;1 2 3 4 5 6 8 9 10 11 12 13 14 16
111;09:25:13;17;14;3;1 2 3 4 5 6 8 9 10 11 12 13 14 16
112;09:26:13;17;14;3;1 2 3 4 5 6 8 9 10 11 12 13 14 16
113;09:27:13;17;14;3;1 2 3 4 5 6 8 9 10 11 12 13 14 16
114;09:28:13;17;14;3;1 2 3 4 5 6 8 9 10 11 12 13 14 16
115;09:29:13;17;14;3;1 2 3 4 5 6 8 9 10 11 12 13 14 16
116;09:30:13;17;14;3;1 2 3 4 5 6 8 9 10 11 12 13 14 16
117;09:31:13;17;14;3;1 2 3 4 5 6 8 9 10 11 12 13 14 16
118;09:32:13;17;14;3;1 2 3 4 5 6 8 9 10 11 12 13 14 16
119;09:33:13;17;14;3;1 2 3 4 5 6 8 9 10 11 12 13 14 16
120;09:34:14;17;14;3;1 2 3 4 5 6 8 9 10 11 12 13 14 16
121;09:35:14;17;14;3;1 2 3 4 5 6 8 9 10 11 12 13 14 16
122;09:36:14;17;14;3;1 2 3 4 5 6 8 9 10 11 12 13 14 16
123;09:37:14;17;14;3;1 2 3 4 5 6 8 9 10 11 12 13 14 16
124;09:38:14;17;14;3;1 2 3 4 5 6 8 9 10 11 12 13 14 16
125;09:39:14;17;14;3;1 2 3 4 5 6 8 9 10 11 12 13 14 16
126;09:40:14;17;14;3;1 2 3 4 5 6 8 9 10 11 12 13 14 16
127;09:41:14;17;14;3;1 2 3 4 5 6 8 9 10 11 12 13 14 16
128;09:42:14;17;14;3;1 2 3 4 5 6 8 9 10 11 12 13 14 16
129;09:43:14;17;14;3;1 2 3 4 5 6 8 9 10 11 12 13 14 16
130;09:44:14;17;14;3;1 2 3 4 5 6 8 9 10 11 12 13 14 16
131;09:45:14;17;14;3;1 2 3 4 5 6 8 9 10 11 12 13 14 16
132;09:46:14;17;14;3;1 2 3 4 5 6 8 9 10 11 12 13 14 16
133;09:47:14;17;14;3;1 2 3 4 5 6 8 9 10 11 12 13 14 16
134;09:48:15;17;14;3;1 2 3 4 5 6 8 9 10 11 12 13 14 16
135;09:49:15;17;14;3;1 2 3 4 5 6 8 9 10 11 12 13 14 16
136;09:50:15;17;14;3;1 2 3 4 5 6 8 9 10 11 12 13 14 16
137;09:51:15;17;14;3;1 2 3 4 5 6 8 9 10 11 12 13 14 16
138;09:52:15;17;14;3;1 2 3 4 5 6 8 9 10 11 12 13 14 16
139;09:53:15;17;14;3;1 2 3 4 5 6 8 9 10 11 12 13 14 16
140;09:54:15;17;14;3;1 2 3 4 5 6 8 9 10 11 12 13 14 16
141;09:55:15;17;14;3;1 2 3 4 5 6 8 9 10 11 12 13 14 16
142;09:56:15;17;14;3;1 2 3 4 5 6 8 9 10 11 12 13 14 16
143;09:57:15;17;14;3;1 2 3 4 5 6 8 9 10 11 12 13 14 16
144;09:58:15;17;14;3;1 2 3 4 5 6 8 9 10 11 12 13 14 16
145;09:59:16;17;14;3;1 2 3 4 5 6 8 9 10 11 12 13 14 16
146;10:00:16;17;14;3;1 2 3 4 5 6 8 9 10 11 12 13 14 16
147;10:01:16;17;14;3;1 2 3 4 5 6 8 9 10 11 12 13 14 16
148;10:02:16;17;14;3;1 2 3 4 5 6 8 9 10 11 12 13 14 16
149;10:03:16;17;14;3;1 2 3 4 5 6 8 9 10 11 12 13 14 16
150;10:04:16;17;14;3;1 2 3 4 5 6 8 9 10 11 12 13 14 16
151;10:05:16;17;14;3;1 2 3 4 5 6 8 9 10 11 12 13 14 16
152;10:06:16;17;14;3;1 2 3 4 5 6 8 9 10 11 12 13 14 16
153;10:07:16;17;14;3;1 2 3 4 5 6 8 9 10 11 12 13 14 16
154;10:08:16;17;14;3;1 2 3 4 5 6 8 9 10 11 12 13 14 16
155;10:09:16;17;14;3;1 2 3 4 5 6 8 9 10 11 12 13 14 16
156;10:10:16;17;14;3;1 2 3 4 5 6 8 9 10 11 12 13 14 16
157;10:11:16;17;14;3;1 2 3 4 5 6 8 9 10 11 12 13 14 16
158;10:12:16;17;14;3;1 2 3 4 5 6 8 9 10 11 12 13 14 16
159;10:13:16;17;14;3;1 2 3 4 5 6 8 9 10 11 12 13 14 16
160;10:14:17;17;14;3;1 2 3 4 5 6 8 9 10 11 12 13 14 16
161;10:15:17;17;14;3;1 2 3 4 5 6 8 9 10 11 12 13 14 16
162;10:16:17;17;14;3;1 2 3 4 5 6 8 9 10 11 12 13 14 16
163;10:17:17;17;14;3;1 2 3 4 5 6 8 9 10 11 12 13 14 16
164;10:18:17;17;14;3;1 2 3 4 5 6 8 9 10 11 12 13 14 16
165;10:19:17;17;14;3;1 2 3 4 5 6 8 9 10 11 12 13 14 16
166;10:20:17;17;14;3;1 2 3 4 5 6 8 9 10 11 12 13 14 16
167;10:21:17;17;14;3;1 2 3 4 5 6 8 9 10 11 12 13 14 16
168;10:22:17;17;14;3;1 2 3 4 5 6 8 9 10 11 12 13 14 16
169;10:23:17;17;14;3;1 2 3 4 5 6 8 9 10 11 12 13 14 16
170;10:24:17;17;14;3;1 2 3 4 5 6 8 9 10 11 12 13 14 16
171;10:25:17;17;14;3;1 2 3 4 5 6 8 9 10 11 12 13 14 16
172;10:26:18;17;14;3;1 2 3 4 5 6 8 9 10 11 12 13 14 16
173;10:27:18;17;14;3;1 2 3 4 5 6 8 9 10 11 12 13 14 16
174;10:28:18;17;14;3;1 2 3 4 5 6 8 9 10 11 12 13 14 16
175;10:29:18;17;14;3;1 2 3 4 5 6 8 9 10 11 12 13 14 16
176;10:30:18;17;14;3;1 2 3 4 5 6 8 9 10 11 12 13 14 16
177;10:31:18;17;14;3;1 2 3 4 5 6 8 9 10 11 12 13 14 16
178;10:32:18;17;14;3;1 2 3 4 5 6 8 9 10 11 12 13 14 16
179;10:33:18;17;14;3;1 2 3 4 5 6 8 9 10 11 12 13 14 16
180;10:34:18;17;14;3;1 2 3 4 5 6 8 9 10 11 12 13 14 16
181;10:35:18;17;14;3;1 2 3 4 5 6 8 9 10 11 12 13 14 16
182;10:36:18;17;14;3;1 2 3 4 5 6 8 9 10 11 12 13 14 16
183;10:37:18;17;14;3;1 2 3 4 5 6 8 9 10 11 12 13 14 16
184;10:38:18;17;13;4;1 2 3 4 5 6 8 9 10 12 13 14 16
185;10:39:18;17;13;4;1 2 3 4 5 6 8 9 10 12 13 14 16
186;10:40:18;17;13;4;1 2 3 4 5 6 8 9 10 12 13 14 16
187;10:41:18;17;13;4;1 2 3 4 5 6 8 9 10 12 13 14 16
188;10:42:18;17;13;4;1 2 3 4 5 6 8 9 10 12 13 14 16
189;10:43:19;17;13;4;1 2 3 4 5 6 8 9 10 12 13 14 16
190;10:44:19;17;13;4;1 2 3 4 5 6 8 9 10 12 13 14 16
191;10:45:19;17;13;4;1 2 3 4 5 6 8 9 10 12 13 14 16
192;10:46:19;17;13;4;1 2 3 4 5 6 8 9 10 12 13 14 16
193;10:47:19;17;13;4;1 2 3 4 5 6 8 9 10 12 13 14 16
194;10:48:19;17;13;4;1 2 3 4 5 6 8 9 10 12 13 14 16
195;10:49:19;17;13;4;1 2 3 4 5 6 8 9 10 12 13 14 16
196;10:50:19;17;13;4;1 2 3 4 5 6 8 9 10 12 13 14 16
197;10:51:19;17;13;4;1 2 3 4 5 6 8 9 10 12 13 14 16
198;10:52:19;17;13;4;1 2 3 4 5 6 8 9 10 12 13 14 16
199;10:53:19;17;13;4;1 2 3 4 5 6 8 9 10 12 13 14 16
200;10:54:19;17;13;4;1 2 3 4 5 6 8 9 10 12 13 14 16
201;10:55:20;17;13;4;1 2 3 4 5 6 8 9 10 12 13 14 16
202;10:56:20;17;13;4;1 2 3 4 5 6 8 9 10 12 13 14 16
203;10:57:20;17;13;4;1 2 3 4 5 6 8 9 10 12 13 14 16
204;10:58:20;17;13;4;1 2 3 4 5 6 8 9 10 12 13 14 16
205;10:59:20;17;13;4;1 2 3 4 5 6 8 9 10 12 13 14 16
206;11:00:20;17;13;4;1 2 3 4 5 6 8 9 10 12 13 14 16
207;11:01:20;17;13;4;1 2 3 4 5 6 8 9 10 12 13 14 16
208;11:02:20;17;13;4;1 2 3 4 5 6 8 9 10 12 13 14 16
209;11:03:20;17;13;4;1 2 3 4 5 6 8 9 10 12 13 14 16
210;11:04:20;17;13;4;1 2 3 4 5 6 8 9 10 12 13 14 16
211;11:05:20;17;13;4;1 2 3 4 5 6 8 9 10 12 13 14 16
212;11:06:20;17;13;4;1 2 3 4 5 6 8 9 10 12 13 14 16
213;11:07:20;17;13;4;1 2 3 4 5 6 8 9 10 12 13 14 16
214;11:08:20;17;13;4;1 2 3 4 5 6 8 9 10 12 13 14 16
215;11:09:21;17;13;4;1 2 3 4 5 6 8 9 10 12 13 14 16
216;11:10:21;17;13;4;1 2 3 4 5 6 8 9 10 12 13 14 16
217;11:11:21;17;13;4;1 2 3 4 5 6 8 9 10 12 13 14 16
218;11:12:21;17;13;4;1 2 3 4 5 6 8 9 10 12 13 14 16
219;11:13:21;17;13;4;1 2 3 4 5 6 8 9 10 12 13 14 16
220;11:14:21;17;13;4;1 2 3 4 5 6 8 9 10 12 13 14 16
221;11:15:21;17;13;4;1 2 3 4 5 6 8 9 10 12 13 14 16
222;11:16:21;17;13;4;1 2 3 4 5 6 8 9 10 12 13 14 16
223;11:17:21;17;13;4;1 2 3 4 5 6 8 9 10 12 13 14 16
224;11:18:21;17;13;4;1 2 3 4 5 6 8 9 10 12 13 14 16
225;11:19:21;17;13;4;1 2 3 4 5 6 8 9 10 12 13 14 16
226;11:20:21;17;13;4;1 2 3 4 5 6 8 9 10 12 13 14 16
227;11:21:22;17;13;4;1 2 3 4 5 6 8 9 10 12 13 14 16
228;11:22:22;17;14;3;1 2 3 4 5 6 8 9 10 11 12 13 14 16
229;11:23:22;17;14;3;1 2 3 4 5 6 8 9 10 11 12 13 14 16
230;11:24:22;17;14;3;1 2 3 4 5 6 8 9 10 11 12 13 14 16
231;11:25:22;17;14;3;1 2 3 4 5 6 8 9 10 11 12 13 14 16
232;11:26:22;17;14;3;1 2 3 4 5 6 8 9 10 11 12 13 14 16
233;11:27:22;17;14;3;1 2 3 4 5 6 8 9 10 11 12 13 14 16
234;11:28:22;17;14;3;1 2 3 4 5 6 8 9 10 11 12 13 14 16
235;11:29:22;17;14;3;1 2 3 4 5 6 8 9 10 11 12 13 14 16
236;11:30:22;17;14;3;1 2 3 4 5 6 8 9 10 11 12 13 14 16
237;11:31:22;17;14;3;1 2 3 4 5 6 8 9 10 11 12 13 14 16
238;11:32:22;17;14;3;1 2 3 4 5 6 8 9 10 11 12 13 14 16
239;11:33:23;17;14;3;1 2 3 4 5 6 8 9 10 11 12 13 14 16
240;11:34:23;17;14;3;1 2 3 4 5 6 8 9 10 11 12 13 14 16
241;11:35:23;17;14;3;1 2 3 4 5 6 8 9 10 11 12 13 14 16
242;11:36:23;17;14;3;1 2 3 4 5 6 8 9 10 11 12 13 14 16
243;11:37:23;17;14;3;1 2 3 4 5 6 8 9 10 11 12 13 14 16
244;11:38:23;17;14;3;1 2 3 4 5 6 8 9 10 11 12 13 14 16
245;11:39:23;17;14;3;1 2 3 4 5 6 8 9 10 11 12 13 14 16
246;11:40:23;17;14;3;1 2 3 4 5 6 8 9 10 11 12 13 14 16
247;11:41:23;17;14;3;1 2 3 4 5 6 8 9 10 11 12 13 14 16
248;11:42:23;17;14;3;1 2 3 4 5 6 8 9 10 11 12 13 14 16
249;11:43:23;17;14;3;1 2 3 4 5 6 8 9 10 11 12 13 14 16
250;11:44:24;17;14;3;1 2 3 4 5 6 8 9 10 11 12 13 14 16
251;11:45:24;17;14;3;1 2 3 4 5 6 8 9 10 11 12 13 14 16
252;11:46:24;17;14;3;1 2 3 4 5 6 8 9 10 11 12 13 14 16
253;11:47:24;17;14;3;1 2 3 4 5 6 8 9 10 11 12 13 14 16
254;11:48:24;17;14;3;1 2 3 4 5 6 8 9 10 11 12 13 14 16
255;11:49:24;17;14;3;1 2 3 4 5 6 8 9 10 11 12 13 14 16
256;11:50:24;17;14;3;1 2 3 4 5 6 8 9 10 11 12 13 14 16
257;11:51:24;17;14;3;1 2 3 4 5 6 8 9 10 11 12 13 14 16
258;11:52:24;17;14;3;1 2 3 4 5 6 8 9 10 11 12 13 14 16
259;11:53:24;17;14;3;1 2 3 4 5 6 8 9 10 11 12 13 14 16
260;11:54:24;17;14;3;1 2 3 4 5 6 8 9 10 11 12 13 14 16
261;11:55:24;17;14;3;1 2 3 4 5 6 8 9 10 11 12 13 14 16
262;11:56:24;17;14;3;1 2 3 4 5 6 8 9 10 11 12 13 14 16
263;11:57:24;17;14;3;1 2 3 4 5 6 8 9 10 11 12 13 14 16
264;11:58:24;17;14;3;1 2 3 4 5 6 8 9 10 11 12 13 14 16
265;11:59:25;17;14;3;1 2 3 4 5 6 8 9 10 11 12 13 14 16
266;12:00:25;17;14;3;1 2 3 4 5 6 8 9 10 11 12 13 14 16
267;12:01:25;17;14;3;1 2 3 4 5 6 8 9 10 11 12 13 14 16
268;12:02:25;17;14;3;1 2 3 4 5 6 8 9 10 11 12 13 14 16
269;12:03:25;17;14;3;1 2 3 4 5 6 8 9 10 11 12 13 14 16
270;12:04:25;17;14;3;1 2 3 4 5 6 8 9 10 11 12 13 14 16
271;12:05:25;17;14;3;1 2 3 4 5 6 8 9 10 11 12 13 14 16
272;12:06:25;17;14;3;1 2 3 4 5 6 8 9 10 11 12 13 14 16
273;12:07:25;17;14;3;1 2 3 4 5 6 8 9 10 11 12 13 14 16
274;12:08:25;17;14;3;1 2 3 4 5 6 8 9 10 11 12 13 14 16
275;12:09:25;17;14;3;1 2 3 4 5 6 8 9 10 11 12 13 14 16
276;12:10:25;17;14;3;1 2 3 4 5 6 8 9 10 11 12 13 14 16
277;12:11:25;17;14;3;1 2 3 4 5 6 8 9 10 11 12 13 14 16
278;12:12:26;17;14;3;1 2 3 4 5 6 8 9 10 11 12 13 14 16
279;12:13:26;17;14;3;1 2 3 4 5 6 8 9 10 11 12 13 14 16
280;12:14:26;17;14;3;1 2 3 4 5 6 8 9 10 11 12 13 14 16
281;12:15:26;17;14;3;1 2 3 4 5 6 8 9 10 11 12 13 14 16
282;12:16:26;17;14;3;1 2 3 4 5 6 8 9 10 11 12 13 14 16
283;12:17:26;17;15;2;1 2 3 4 5 6 7 8 9 10 11 12 13 14 16
284;12:18:26;17;15;2;1 2 3 4 5 6 7 8 9 10 11 12 13 14 16
285;12:19:26;17;15;2;1 2 3 4 5 6 7 8 9 10 11 12 13 14 16
286;12:20:26;17;15;2;1 2 3 4 5 6 7 8 9 10 11 12 13 14 16
287;12:21:26;17;15;2;1 2 3 4 5 6 7 8 9 10 11 12 13 14 16
288;12:22:26;17;15;2;1 2 3 4 5 6 7 8 9 10 11 12 13 14 16
289;12:23:26;17;15;2;1 2 3 4 5 6 7 8 9 10 11 12 13 14 16
290;12:24:26;17;15;2;1 2 3 4 5 6 7 8 9 10 11 12 13 14 16
291;12:25:26;17;15;2;1 2 3 4 5 6 7 8 9 10 11 12 13 14 16
292;12:26:27;17;15;2;1 2 3 4 5 6 7 8 9 10 11 12 13 14 16
293;12:27:27;17;15;2;1 2 3 4 5 6 7 8 9 10 11 12 13 14 16
294;12:28:27;17;15;2;1 2 3 4 5 6 7 8 9 10 11 12 13 14 16
295;12:29:27;17;15;2;1 2 3 4 5 6 7 8 9 10 11 12 13 14 16
296;12:30:27;17;15;2;1 2 3 4 5 6 7 8 9 10 11 12 13 14 16
297;12:31:27;17;15;2;1 2 3 4 5 6 7 8 9 10 11 12 13 14 16
298;12:32:27;17;15;2;1 2 3 4 5 6 7 8 9 10 11 12 13 14 16
299;12:33:27;17;15;2;1 2 3 4 5 6 7 8 9 10 11 12 13 14 16
300;12:34:27;17;15;2;1 2 3 4 5 6 7 8 9 10 11 12 13 14 16
301;12:35:27;17;15;2;1 2 3 4 5 6 7 8 9 10 11 12 13 14 16
302;12:36:28;17;15;2;1 2 3 4 5 6 7 8 9 10 11 12 13 14 16
303;12:37:28;17;15;2;1 2 3 4 5 6 7 8 9 10 11 12 13 14 16
304;12:38:28;17;15;2;1 2 3 4 5 6 7 8 9 10 11 12 13 14 16
305;12:39:28;17;15;2;1 2 3 4 5 6 7 8 9 10 11 12 13 14 16
306;12:40:28;17;15;2;1 2 3 4 5 6 7 8 9 10 11 12 13 14 16
307;12:41:28;17;15;2;1 2 3 4 5 6 7 8 9 10 11 12 13 14 16
308;12:42:28;17;15;2;1 2 3 4 5 6 7 8 9 10 11 12 13 14 16
309;12:43:28;17;14;3;1 2 4 5 6 7 8 9 10 11 12 13 14 16
310;12:44:29;17;14;3;1 2 4 5 6 7 8 9 10 11 12 13 14 16
311;12:45:29;17;14;3;1 2 4 5 6 7 8 9 10 11 12 13 14 16
312;12:46:29;17;14;3;1 2 4 5 6 7 8 9 10 11 12 13 14 16
313;12:47:29;17;14;3;1 2 4 5 6 7 8 9 10 11 12 13 14 16
314;12:48:29;17;14;3;1 2 4 5 6 7 8 9 10 11 12 13 14 16
315;12:49:29;17;14;3;1 2 4 5 6 7 8 9 10 11 12 13 14 16
316;12:50:29;17;14;3;1 2 4 5 6 7 8 9 10 11 12 13 14 16
317;12:51:29;17;14;3;1 2 4 5 6 7 8 9 10 11 12 13 14 16
318;12:52:29;17;14;3;1 2 4 5 6 7 8 9 10 11 12 13 14 16
319;12:53:29;17;14;3;1 2 4 5 6 7 8 9 10 11 12 13 14 16
320;12:54:30;17;14;3;1 2 4 5 6 7 8 9 10 11 12 13 14 16
321;12:55:30;17;14;3;1 2 4 5 6 7 8 9 10 11 12 13 14 16
322;12:56:30;17;14;3;1 2 4 5 6 7 8 9 10 11 12 13 14 16
323;12:57:30;17;14;3;1 2 4 5 6 7 8 9 10 11 12 13 14 16
324;12:58:30;17;14;3;1 2 4 5 6 7 8 9 10 11 12 13 14 16
325;12:59:30;17;14;3;1 2 4 5 6 7 8 9 10 11 12 13 14 16
326;13:00:30;17;14;3;1 2 4 5 6 7 8 9 10 11 12 13 14 16
327;13:01:30;17;15;2;1 2 3 4 5 6 7 8 9 10 11 12 13 14 16
328;13:02:30;17;15;2;1 2 3 4 5 6 7 8 9 10 11 12 13 14 16
329;13:03:30;17;15;2;1 2 3 4 5 6 7 8 9 10 11 12 13 14 16
330;13:04:31;17;15;2;1 2 3 4 5 6 7 8 9 10 11 12 13 14 16
331;13:05:31;17;15;2;1 2 3 4 5 6 7 8 9 10 11 12 13 14 16
332;13:06:31;17;15;2;1 2 3 4 5 6 7 8 9 10 11 12 13 14 16
333;13:07:31;17;15;2;1 2 3 4 5 6 7 8 9 10 11 12 13 14 16
334;13:08:31;17;15;2;1 2 3 4 5 6 7 8 9 10 11 12 13 14 16
335;13:09:31;17;15;2;1 2 3 4 5 6 7 8 9 10 11 12 13 14 16
336;13:10:31;17;15;2;1 2 3 4 5 6 7 8 9 10 11 12 13 14 16
337;13:11:31;17;15;2;1 2 3 4 5 6 7 8 9 10 11 12 13 14 16
338;13:12:31;17;16;1;1 2 3 4 5 6 7 8 9 10 11 12 13 14 15 16
339;13:13:31;17;16;1;1 2 3 4 5 6 7 8 9 10 11 12 13 14 15 16
340;13:14:31;17;15;2;1 2 3 4 5 7 8 9 10 11 12 13 14 15 16
341;13:15:32;17;15;2;1 2 3 4 5 7 8 9 10 11 12 13 14 15 16
342;13:16:32;17;15;2;1 2 3 4 5 7 8 9 10 11 12 13 14 15 16
343;13:17:32;17;15;2;1 2 3 4 5 7 8 9 10 11 12 13 14 15 16
344;13:18:32;17;15;2;1 2 3 4 5 7 8 9 10 11 12 13 14 15 16
345;13:19:32;17;15;2;1 2 3 4 5 7 8 9 10 11 12 13 14 15 16
346;13:20:32;17;15;2;1 2 3 4 5 7 8 9 10 11 12 13 14 15 16
347;13:21:32;17;15;2;1 2 3 4 5 7 8 9 10 11 12 13 14 15 16
348;13:22:32;17;15;2;1 2 3 4 5 7 8 9 10 11 12 13 14 15 16
349;13:23:32;17;14;3;1 2 3 4 5 7 8 9 10 11 13 14 15 16
350;13:24:32;17;14;3;1 2 3 4 5 7 8 9 10 11 13 14 15 16
351;13:25:32;17;14;3;1 2 3 4 5 7 8 9 10 11 13 14 15 16
352;13:26:33;17;14;3;1 2 3 4 5 7 8 9 10 11 13 14 15 16
353;13:27:33;17;14;3;1 2 3 4 5 7 8 9 10 11 13 14 15 16
354;13:28:33;17;14;3;1 2 3 4 5 7 8 9 10 11 13 14 15 16
355;13:29:33;17;14;3;1 2 3 4 5 7 8 9 10 11 13 14 15 16
356;13:30:33;17;14;3;1 2 3 4 5 7 8 9 10 11 13 14 15 16
357;13:31:33;17;14;3;1 2 3 4 5 7 8 9 10 11 13 14 15 16
358;13:32:33;17;14;3;1 2 3 4 5 7 8 9 10 11 13 14 15 16
359;13:33:33;17;14;3;1 2 3 4 5 7 8 9 10 11 13 14 15 16
360;13:34:33;17;14;3;1 2 3 4 5 7 8 9 10 11 13 14 15 16
361;13:35:33;17;14;3;1 2 3 4 5 7 8 9 10 11 13 14 15 16
362;13:36:33;17;14;3;1 2 3 4 5 7 8 9 10 11 13 14 15 16
363;13:37:33;17;14;3;1 2 3 4 5 7 8 9 10 11 13 14 15 16
364;13:38:33;17;14;3;1 2 3 4 5 7 8 9 10 11 13 14 15 16
365;13:39:33;17;15;2;1 2 3 4 5 7 8 9 10 11 12 13 14 15 16
366;13:40:33;17;15;2;1 2 3 4 5 7 8 9 10 11 12 13 14 15 16
367;13:41:34;17;16;1;1 2 3 4 5 6 7 8 9 10 11 12 13 14 15 16
368;13:42:34;17;16;1;1 2 3 4 5 6 7 8 9 10 11 12 13 14 15 16
369;13:43:34;17;16;1;1 2 3 4 5 6 7 8 9 10 11 12 13 14 15 16
370;13:44:34;17;16;1;1 2 3 4 5 6 7 8 9 10 11 12 13 14 15 16
371;13:45:34;17;16;1;1 2 3 4 5 6 7 8 9 10 11 12 13 14 15 16
372;13:46:34;17;16;1;1 2 3 4 5 6 7 8 9 10 11 12 13 14 15 16
373;13:47:34;17;16;1;1 2 3 4 5 6 7 8 9 10 11 12 13 14 15 16
374;13:48:34;17;17;0;1 2 3 4 5 6 7 8 9 10 11 12 13 14 15 16 17
375;13:49:34;17;16;1;1 2 3 4 5 6 7 8 9 10 11 13 14 15 16 17
376;13:50:34;17;16;1;1 2 3 4 5 6 7 8 9 10 11 13 14 15 16 17
377;13:51:34;17;16;1;1 2 3 4 5 6 7 8 9 10 11 13 14 15 16 17
378;13:52:34;17;15;2;1 2 3 5 7 8 9 10 11 12 13 14 15 16 17
379;13:53:35;17;16;1;1 2 3 4 5 7 8 9 10 11 12 13 14 15 16 17
380;13:54:35;17;16;1;1 2 3 4 5 7 8 9 10 11 12 13 14 15 16 17
381;13:55:35;17;16;1;1 2 3 4 5 7 8 9 10 11 12 13 14 15 16 17
382;13:56:35;17;17;0;1 2 3 4 5 6 7 8 9 10 11 12 13 14 15 16 17
383;13:57:35;17;17;0;1 2 3 4 5 6 7 8 9 10 11 12 13 14 15 16 17
384;13:58:35;17;17;0;1 2 3 4 5 6 7 8 9 10 11 12 13 14 15 16 17
385;13:59:35;17;16;1;1 2 3 4 5 6 7 8 9 10 11 12 13 14 15 16
386;14:00:35;17;16;1;1 2 3 4 5 6 7 8 9 10 11 12 13 14 15 16
387;14:01:35;17;15;2;1 2 3 4 5 6 7 8 9 10 11 12 13 14 15
388;14:02:35;17;14;3;1 2 3 4 5 6 7 8 9 10 11 13 14 15
389;14:03:35;17;14;3;1 2 3 4 5 6 7 8 9 10 11 13 14 15
390;14:04:35;17;14;3;1 2 3 4 5 6 7 8 9 10 11 13 14 15
391;14:05:35;17;14;3;1 2 3 4 5 6 7 8 9 10 11 13 14 15
392;14:06:35;17;13;4;1 2 3 4 5 7 8 9 10 11 13 14 15
393;14:07:36;17;13;4;1 2 3 4 5 7 8 9 10 11 13 14 15
394;14:08:36;17;13;4;1 2 3 4 5 7 8 9 10 11 13 14 15
395;14:09:36;17;13;4;1 2 3 4 5 7 8 9 10 11 13 14 15
396;14:10:36;17;13;4;1 2 3 4 5 7 8 9 10 11 13 14 15
397;14:11:36;17;13;4;1 2 3 4 5 7 8 9 10 11 13 14 15
398;14:12:36;17;13;4;1 2 3 4 5 7 8 9 10 11 13 14 15
399;14:13:36;17;13;4;1 2 3 4 5 7 8 9 10 11 13 14 15
400;14:14:36;17;13;4;1 2 3 4 5 7 8 9 10 11 13 14 15
401;14:15:36;17;13;4;1 2 3 4 5 7 8 9 10 11 13 14 15
402;14:16:36;17;13;4;1 2 3 4 5 7 8 9 10 11 13 14 15
403;14:17:36;17;13;4;1 2 3 4 5 7 8 9 10 11 13 14 15
404;14:18:37;17;13;4;1 2 3 4 5 7 8 9 10 11 13 14 15
405;14:19:37;17;13;4;1 2 3 4 5 7 8 9 10 11 13 14 15
406;14:20:37;17;13;4;1 2 3 4 5 7 8 9 10 11 13 14 15
407;14:21:37;17;12;5;1 2 3 5 7 8 9 10 11 13 14 15
408;14:22:37;17;12;5;1 2 3 5 7 8 9 10 11 13 14 15
409;14:23:37;17;12;5;1 2 3 5 7 8 9 10 11 13 14 15
410;14:24:37;17;12;5;1 2 3 5 7 8 9 10 11 13 14 15
411;14:25:37;17;12;5;1 2 3 4 5 7 8 9 10 13 14 15
412;14:26:37;17;12;5;1 2 3 4 5 7 8 9 10 13 14 15
413;14:27:37;17;12;5;1 2 3 4 5 7 8 9 10 13 14 15
414;14:28:37;17;12;5;1 2 3 4 5 7 8 9 10 13 14 15
415;14:29:38;17;12;5;1 2 3 4 5 7 8 9 10 13 14 15
416;14:30:38;17;11;6;1 2 3 5 7 8 9 10 13 14 15
417;14:31:38;17;11;6;1 2 3 5 7 8 9 10 13 14 15
418;14:32:38;17;11;6;1 2 3 5 7 8 9 10 13 14 15
419;14:33:38;17;11;6;1 2 3 5 7 8 9 10 13 14 15
420;14:34:38;17;11;6;1 2 3 5 7 8 9 10 13 14 15
421;14:35:38;17;11;6;1 2 3 5 7 8 9 10 13 14 15
422;14:36:38;17;11;6;1 2 3 5 7 8 9 10 13 14 15
423;14:37:38;17;11;6;1 2 3 5 7 8 9 10 13 14 15
424;14:38:38;17;11;6;1 2 3 5 7 8 9 10 13 14 15
425;14:39:38;17;11;6;1 2 3 5 7 8 9 10 13 14 15
426;14:40:38;17;11;6;1 2 3 5 7 8 9 10 13 14 15
427;14:41:38;17;11;6;1 2 3 5 7 8 9 10 13 14 15
428;14:42:39;17;11;6;1 2 3 5 7 8 9 10 13 14 15
429;14:43:39;17;10;7;1 2 3 5 8 9 10 13 14 15
430;14:44:39;17;9;8;2 3 5 8 9 10 13 14 15
431;14:45:39;17;8;9;2 3 5 8 9 10 14 15
432;14:46:39;17;8;9;2 3 5 8 9 10 14 15
433;14:47:39;17;8;9;2 3 5 8 9 10 14 15
434;14:48:39;17;8;9;2 3 5 8 9 10 14 15
435;14:49:39;17;8;9;2 3 5 8 9 10 14 15
436;14:50:39;17;8;9;2 3 5 8 9 10 14 15
437;14:51:39;17;8;9;2 3 5 8 9 10 14 15
438;14:52:39;17;8;9;2 3 5 8 9 10 14 15
439;14:53:39;17;8;9;2 3 5 8 9 10 14 15
440;14:54:39;17;8;9;2 3 5 8 9 10 14 15
441;14:55:40;17;8;9;2 3 5 8 9 10 14 15
442;14:56:40;17;8;9;2 3 5 8 9 10 14 15
443;14:57:40;17;8;9;2 3 5 8 9 10 14 15
444;14:58:40;17;8;9;2 3 5 8 9 10 14 15
445;14:59:40;17;8;9;2 3 5 8 9 10 14 15
446;15:00:40;17;8;9;2 3 5 8 9 10 14 15
447;15:01:40;17;8;9;2 3 5 8 9 10 14 15
448;15:02:40;17;8;9;2 3 5 8 9 10 14 15
449;15:03:40;17;8;9;2 3 5 8 9 10 14 15
450;15:04:40;17;8;9;2 3 5 8 9 10 14 15
451;15:05:40;17;8;9;2 3 5 8 9 10 14 15
452;15:06:40;17;7;10;2 3 5 8 9 10 14
453;15:07:41;17;8;9;2 3 5 8 9 10 11 14
454;15:08:41;17;8;9;2 3 5 8 9 10 11 14
455;15:09:41;17;8;9;2 3 5 8 9 10 11 14
456;15:10:41;17;8;9;2 3 5 8 9 10 11 14
457;15:11:41;17;8;9;2 3 5 8 9 10 11 14
458;15:12:41;17;8;9;2 3 5 8 9 10 11 14
459;15:13:41;17;8;9;2 3 5 8 9 10 11 14
460;15:14:41;17;8;9;2 3 5 8 9 10 11 14
461;15:15:41;17;8;9;2 3 5 8 9 10 11 14
462;15:16:41;17;8;9;2 3 5 8 9 10 11 14
463;15:17:42;17;8;9;2 3 5 8 9 10 11 14
464;15:18:42;17;8;9;2 3 5 8 9 10 11 14
465;15:19:42;17;8;9;2 3 5 8 9 10 11 14
466;15:20:42;17;8;9;2 3 5 8 9 10 11 14
467;15:21:42;17;8;9;2 3 5 8 9 10 11 14
468;15:22:42;17;8;9;2 3 5 8 9 10 11 14
469;15:23:43;17;9;8;2 3 5 8 9 10 11 12 14
470;15:24:43;17;8;9;2 3 5 8 9 11 12 14
471;15:25:43;17;8;9;2 3 5 8 9 11 12 14
472;15:26:43;17;8;9;2 3 5 8 9 11 12 14
473;15:27:43;17;8;9;2 3 5 8 9 11 12 14
474;15:28:43;17;9;8;2 3 5 8 9 11 12 14 15
475;15:29:43;17;10;7;1 2 3 5 8 9 12 13 14 15
476;15:30:43;17;10;7;2 3 5 8 9 10 12 13 14 15
477;15:31:43;17;10;7;2 3 5 8 9 10 12 13 14 15
478;15:32:43;17;10;7;2 3 5 8 9 10 12 13 14 15
479;15:33:44;17;10;7;2 3 5 8 9 10 12 13 14 15
480;15:34:44;17;10;7;2 3 5 8 9 10 11 12 14 15
481;15:35:44;17;10;7;2 3 5 8 9 10 11 12 14 15
482;15:36:44;17;10;7;2 3 5 8 9 11 12 14 15 16
483;15:37:44;17;10;7;2 3 5 8 9 11 12 14 15 16
484;15:38:44;17;9;8;2 3 5 8 9 11 14 15 16
485;15:39:44;17;9;8;2 3 5 8 9 11 14 15 16
486;15:40:44;17;9;8;2 3 5 8 9 11 14 15 16
487;15:41:44;17;9;8;2 3 5 8 9 11 13 14 16
488;15:42:44;17;8;9;2 3 5 9 11 13 14 16
489;15:43:44;17;7;10;2 3 5 9 13 14 16
490;15:44:44;17;7;10;2 3 5 9 13 14 16
491;15:45:44;17;7;10;2 3 5 9 13 14 16
492;15:46:44;17;7;10;2 3 5 9 13 14 16
493;15:47:44;17;7;10;2 3 5 9 13 14 16
494;15:48:45;17;7;10;2 3 5 6 9 14 16
495;15:49:45;17;8;9;2 3 5 6 9 13 14 16
496;15:50:45;17;8;9;2 3 5 6 9 13 14 16
497;15:51:45;17;8;9;2 3 5 6 9 13 14 16
498;15:52:45;17;8;9;2 3 5 6 9 13 14 16
499;15:53:45;17;8;9;2 3 5 6 9 13 14 16
500;15:54:45;17;8;9;2 3 5 9 12 13 14 16
501;15:55:45;17;7;10;2 3 5 9 12 14 16
502;15:56:45;17;7;10;2 3 5 9 12 14 16
503;15:57:45;17;7;10;2 3 5 9 12 14 16
504;15:58:45;17;7;10;2 3 5 9 12 14 16
505;15:59:45;17;7;10;2 3 5 9 12 14 16
506;16:00:45;17;7;10;2 3 5 9 12 14 16
507;16:01:46;17;7;10;2 3 5 9 12 14 16
508;16:02:46;17;7;10;2 3 5 9 12 14 16
509;16:03:46;17;8;9;2 3 5 9 11 12 14 16
510;16:04:46;17;7;10;2 3 5 9 11 14 16
511;16:05:46;17;8;9;2 3 5 6 9 11 14 16
512;16:06:46;17;9;8;2 3 5 6 9 11 13 14 16
513;16:07:47;17;9;8;2 3 5 6 9 11 13 14 16
514;16:08:47;17;9;8;2 3 5 6 9 11 13 14 16
515;16:09:47;17;8;9;2 3 5 6 9 11 13 16
516;16:10:47;17;8;9;2 3 5 6 9 11 13 16
517;16:11:47;17;8;9;2 3 5 6 9 11 13 16
518;16:12:47;17;8;9;1 3 5 6 9 13 14 16
519;16:13:47;17;7;10;3 5 6 9 13 14 16
520;16:14:47;17;7;10;3 5 6 9 13 14 16
521;16:15:47;17;8;9;3 5 6 9 10 13 14 16
522;16:16:47;17;8;9;3 5 6 9 10 13 14 16
523;16:17:48;17;8;9;3 5 6 9 10 13 14 16
524;16:18:48;17;8;9;3 5 6 9 10 13 14 16
525;16:19:48;17;8;9;3 5 6 9 10 13 14 16
526;16:20:48;17;8;9;3 5 6 9 10 13 14 16
527;16:21:48;17;9;8;3 5 6 9 10 12 13 14 16
528;16:22:48;17;11;6;3 5 6 8 9 10 12 13 14 15 16
529;16:23:48;17;10;7;3 5 6 8 9 12 13 14 15 16
530;16:24:48;17;11;6;1 3 5 6 8 9 12 13 14 15 16
531;16:25:48;17;10;7;3 5 6 9 10 12 13 14 15 16
532;16:26:48;17;10;7;5 6 8 9 10 12 13 14 15 16
533;16:27:49;17;10;7;5 6 8 9 10 12 13 14 15 16
534;16:28:49;17;10;7;5 6 8 9 10 12 13 14 15 16
535;16:29:49;17;10;7;5 6 8 9 10 12 13 14 15 16
536;16:30:49;17;11;6;3 5 6 8 9 10 12 13 14 15 16
537;16:31:49;17;11;6;3 5 6 8 9 10 12 13 14 15 16
538;16:32:49;17;10;7;3 5 6 8 9 10 13 14 15 16
539;16:33:49;17;9;8;3 5 6 8 9 10 13 14 16
540;16:34:49;17;9;8;3 5 6 8 9 10 13 14 16
541;16:35:49;17;8;9;3 5 6 8 9 10 13 16
542;16:36:49;17;8;9;3 5 6 8 9 10 13 16
543;16:37:50;17;7;10;3 6 8 9 10 13 16
544;16:38:50;17;7;10;3 6 8 9 10 13 16
545;16:39:50;17;7;10;3 6 8 9 10 13 16
546;16:40:50;17;7;10;3 6 8 9 10 13 16
547;16:41:50;17;7;10;3 6 8 9 10 13 16
548;16:42:50;17;8;9;3 6 8 9 10 13 14 16
549;16:43:50;17;8;9;3 6 8 9 10 13 14 16
550;16:44:50;17;8;9;3 6 8 9 10 13 14 16
551;16:45:50;17;9;8;3 6 8 9 10 12 13 14 16
552;16:46:50;17;10;7;3 6 8 9 10 12 13 14 15 16
553;16:47:50;17;10;7;1 3 6 8 9 10 12 13 15 16
554;16:48:50;17;10;7;1 3 6 8 9 10 12 13 15 16
555;16:49:50;17;10;7;1 3 6 8 9 10 12 13 15 16
556;16:50:50;17;10;7;1 3 6 8 9 10 12 13 15 16
557;16:51:50;17;11;6;1 3 4 6 8 9 10 12 13 15 16
558;16:52:51;17;12;5;1 3 4 6 8 9 10 12 13 14 15 16
559;16:53:51;17;12;5;1 3 4 6 8 9 10 12 13 14 15 16
560;16:54:51;17;12;5;3 4 5 6 8 9 10 12 13 14 15 16
561;16:55:51;17;12;5;3 4 5 6 8 9 10 12 13 14 15 16
562;16:56:51;17;12;5;3 4 5 6 8 9 10 12 13 14 15 16
563;16:57:51;17;11;6;3 4 5 6 8 10 12 13 14 15 16
564;16:58:51;17;10;7;3 4 5 6 8 10 13 14 15 16
565;16:59:51;17;10;7;3 4 5 6 8 10 13 14 15 16
566;17:00:51;17;10;7;3 4 5 6 8 10 13 14 15 16
567;17:01:51;17;10;7;3 4 5 6 8 10 13 14 15 16
568;17:02:51;17;10;7;3 4 5 6 8 10 13 14 15 16
569;17:03:51;17;9;8;3 5 6 8 10 13 14 15 16
570;17:04:52;17;8;9;3 5 6 10 13 14 15 16
571;17:05:52;17;8;9;3 5 6 10 13 14 15 16
572;17:06:52;17;9;8;3 5 6 10 12 13 14 15 16
573;17:07:52;17;9;8;3 5 6 10 12 13 14 15 16
574;17:08:52;17;9;8;3 5 6 10 12 13 14 15 16
575;17:09:52;17;9;8;3 5 6 10 12 13 14 15 16
576;17:10:52;17;8;9;5 6 10 12 13 14 15 16
577;17:11:52;17;6;11;5 10 13 14 15 16
578;17:12:52;17;6;11;5 10 13 14 15 16
579;17:13:52;17;7;10;5 7 10 13 14 15 16
580;17:14:52;17;6;11;5 10 13 14 15 16
581;17:15:53;17;6;11;5 10 13 14 15 16
582;17:16:53;17;6;11;5 10 13 14 15 16
583;17:17:53;17;6;11;5 10 13 14 15 16
584;17:18:53;17;6;11;5 10 13 14 15 16
585;17:19:53;17;6;11;5 10 13 14 15 16
586;17:20:53;17;6;11;5 10 13 14 15 16
587;17:21:53;17;6;11;5 10 13 14 15 16
588;17:22:53;17;6;11;5 10 13 14 15 16
589;17:23:53;17;6;11;5 10 13 14 15 16
590;17:24:53;17;7;10;5 6 10 13 14 15 16
591;17:25:53;17;7;10;5 6 10 13 14 15 16
592;17:26:54;17;7;10;5 6 10 13 14 15 16
593;17:27:54;17;7;10;5 6 10 13 14 15 16
594;17:28:54;17;7;10;5 6 10 13 14 15 16
595;17:29:54;17;7;10;5 6 10 13 14 15 16
596;17:30:54;17;7;10;5 6 10 13 14 15 16
597;17:31:54;17;7;10;5 6 10 13 14 15 16
598;17:32:54;17;7;10;5 6 10 13 14 15 16
599;17:33:54;17;7;10;5 6 10 13 14 15 16
600;17:34:54;17;7;10;5 6 10 13 14 15 16
601;17:35:55;17;7;10;5 6 10 13 14 15 16
602;17:36:55;17;7;10;5 6 10 13 14 15 16
603;17:37:55;17;7;10;5 6 10 13 14 15 16
604;17:38:55;17;7;10;5 6 10 13 14 15 16
605;17:39:55;17;7;10;5 6 10 13 14 15 16
606;17:40:55;17;7;10;5 6 10 13 14 15 16
607;17:41:55;17;7;10;5 6 10 13 14 15 16
608;17:42:55;17;7;10;5 6 10 13 14 15 16
609;17:43:55;17;8;9;5 6 10 12 13 14 15 16
610;17:44:55;17;8;9;5 6 10 12 13 14 15 16
611;17:45:55;17;8;9;5 6 10 12 13 14 15 16
612;17:46:55;17;8;9;5 6 10 12 13 14 15 16
613;17:47:56;17;8;9;5 6 10 12 13 14 15 16
614;17:48:56;17;8;9;5 6 10 12 13 14 15 16
615;17:49:56;17;9;8;4 5 6 10 12 13 14 15 16
616;17:50:56;17;9;8;4 5 6 10 12 13 14 15 16
617;17:51:56;17;10;7;3 4 5 6 10 12 13 14 15 16
618;17:52:56;17;12;5;1 3 4 5 6 8 10 12 13 14 15 16
619;17:53:56;17;11;6;1 3 4 5 8 10 12 13 14 15 16
620;17:54:56;17;12;5;1 3 4 5 6 8 10 12 13 14 15 16
621;17:55:56;17;12;5;1 3 4 5 6 7 8 10 12 14 15 16
622;17:56:56;17;13;4;1 2 3 4 5 6 8 10 13 14 15 16 17
623;17:57:56;17;14;3;1 2 3 4 5 6 8 10 11 13 14 15 16 17
624;17:58:56;17;14;3;1 2 3 4 5 6 8 10 11 13 14 15 16 17
625;17:59:56;17;14;3;1 2 3 4 5 6 8 10 11 13 14 15 16 17
626;18:00:56;17;14;3;1 2 3 4 5 6 10 11 12 13 14 15 16 17
627;18:01:56;17;15;2;1 2 3 4 5 6 8 9 10 11 12 13 14 15 16
628;18:02:56;17;15;2;1 2 3 4 5 6 8 9 10 11 12 13 14 15 16
629;18:03:57;17;14;3;1 2 4 5 6 8 9 10 11 12 13 14 15 16
630;18:04:57;17;14;3;1 2 4 5 6 8 9 10 11 12 13 14 15 16
631;18:05:57;17;15;2;1 2 4 5 6 7 8 9 10 11 12 13 14 15 16
632;18:06:57;17;15;2;1 2 4 5 6 7 8 9 10 11 12 13 14 15 16
633;18:07:57;17;14;3;1 4 5 6 7 8 9 10 11 12 13 14 15 16
634;18:08:57;17;12;5;1 4 6 7 8 9 10 11 12 13 15 16
635;18:09:57;17;11;6;1 4 6 7 9 10 11 12 13 15 16
636;18:10:57;17;9;8;4 6 7 10 11 12 13 15 16
637;18:11:57;17;7;10;4 7 9 10 11 12 16
638;18:12:57;17;7;10;4 7 9 10 11 12 16
639;18:13:57;17;6;11;7 9 10 11 12 16
640;18:14:57;17;6;11;9 10 11 12 15 16
641;18:15:57;17;6;11;9 10 11 12 15 16
642;18:16:58;17;5;12;10 11 12 15 16
643;18:17:58;17;5;12;10 11 12 15 16
644;18:18:58;17;5;12;10 11 12 15 16
645;18:19:58;17;5;12;10 11 12 15 16
646;18:20:58;17;3;14;12 15 16
647;18:21:58;17;3;14;12 15 16
648;18:22:58;17;3;14;12 15 16
649;18:23:59;17;3;14;12 15 16
650;18:24:59;17;3;14;12 15 16
651;18:25:59;17;3;14;12 15 16
652;18:26:59;17;3;14;12 15 16
653;18:27:59;17;3;14;12 15 16
654;18:28:59;17;3;14;12 15 16
655;18:29:59;17;3;14;12 15 16
656;18:30:59;17;3;14;12 15 16
657;18:31:59;17;3;14;12 15 16
658;18:32:59;17;3;14;12 15 16
659;18:33:59;17;3;14;12 15 16
660;18:35:00;17;3;14;12 15 16
661;18:36:00;17;3;14;12 15 16
662;18:37:00;17;4;13;6 12 15 16
663;18:38:00;17;5;12;3 6 12 15 16
664;18:39:00;17;5;12;3 6 12 15 16
665;18:40:00;17;5;12;3 6 12 15 16
666;18:41:00;17;5;12;3 6 12 15 16
667;18:42:00;17;5;12;3 6 12 15 16
668;18:43:00;17;5;12;3 6 12 15 16
669;18:44:00;17;5;12;3 6 12 15 16
670;18:45:00;17;5;12;3 6 12 15 16
671;18:46:00;17;5;12;3 6 12 15 16
672;18:47:00;17;4;13;3 12 15 16
673;18:48:00;17;4;13;3 12 15 16
674;18:49:01;17;5;12;3 12 14 15 16
675;18:50:01;17;5;12;3 12 14 15 16
676;18:51:01;17;5;12;3 12 14 15 16
677;18:52:01;17;6;11;3 6 12 14 15 16
678;18:53:01;17;6;11;3 6 12 14 15 16
679;18:54:01;17;7;10;3 6 8 12 14 15 16
680;18:55:01;17;7;10;3 6 8 12 14 15 16
681;18:56:01;17;7;10;3 6 8 12 14 15 16
682;18:57:01;17;7;10;3 6 8 12 14 15 16
683;18:58:01;17;8;9;3 6 8 11 12 14 15 16
684;18:59:01;17;8;9;3 6 8 11 12 14 15 16
685;19:00:02;17;8;9;3 6 8 11 12 14 15 16
686;19:01:02;17;9;8;3 6 8 9 11 12 14 15 16
687;19:02:02;17;11;6;1 3 6 7 8 9 11 12 14 15 16
688;19:03:02;17;10;7;1 3 4 6 8 11 12 14 15 16
689;19:04:02;17;10;7;1 3 4 6 8 11 12 14 15 16
690;19:05:02;17;11;6;1 3 4 6 8 9 11 12 14 15 16
691;19:06:02;17;12;5;1 3 4 6 7 8 9 11 12 14 15 16
692;19:07:02;17;11;6;1 2 3 4 6 7 8 12 14 15 16
693;19:08:02;17;9;8;1 2 3 4 8 10 12 14 16
694;19:09:02;17;10;7;1 2 3 4 8 9 10 12 14 16
695;19:10:02;17;10;7;1 2 3 4 8 9 10 12 14 16
696;19:11:02;17;9;8;1 2 3 4 8 10 12 14 16
697;19:12:03;17;10;7;1 2 3 4 6 8 10 12 14 16
698;19:13:03;17;9;8;1 2 3 4 6 8 12 14 16
699;19:14:03;17;8;9;1 2 3 4 6 8 14 16
700;19:15:03;17;8;9;1 2 3 4 6 8 14 16
701;19:16:03;17;8;9;1 2 3 4 6 8 14 16
702;19:17:03;17;8;9;1 2 3 4 6 8 14 16
703;19:18:03;17;8;9;1 2 3 4 6 8 14 16
704;19:19:03;17;8;9;1 2 3 4 8 12 14 16
705;19:20:03;17;9;8;1 2 3 4 5 8 12 14 16
706;19:21:03;17;9;8;1 2 3 4 5 8 12 14 16
707;19:22:03;17;9;8;1 2 3 4 5 8 12 14 16
708;19:23:03;17;9;8;1 2 3 4 5 8 12 14 16
709;19:24:04;17;9;8;1 2 3 4 5 8 12 14 16
710;19:25:04;17;10;7;1 2 3 4 5 8 11 12 14 16
711;19:26:04;17;10;7;1 2 3 4 5 8 11 12 14 16
712;19:27:04;17;10;7;1 2 3 4 5 8 11 12 14 16
713;19:28:04;17;10;7;1 2 3 4 5 8 11 12 14 16
714;19:29:04;17;10;7;1 2 3 4 5 8 11 12 14 16
715;19:30:04;17;10;7;1 2 3 4 5 8 11 12 14 16
716;19:31:04;17;11;6;1 2 3 4 5 6 8 11 12 14 16
717;19:32:04;17;11;6;1 2 3 4 5 6 8 11 12 14 16
718;19:33:04;17;11;6;1 2 3 4 5 6 8 11 12 14 16
719;19:34:05;17;10;7;1 2 4 5 6 8 11 12 14 16
720;19:35:05;17;12;5;1 2 3 4 5 6 8 10 11 12 14 16
721;19:36:05;17;13;4;1 2 3 4 5 6 8 10 11 12 14 15 16
722;19:37:05;17;14;3;1 2 3 4 5 6 8 9 10 11 12 14 15 16
723;19:38:05;17;14;3;1 2 3 4 5 6 8 9 10 11 12 14 15 16
724;19:39:05;17;14;3;1 2 3 4 5 6 8 9 10 11 12 14 15 16
725;19:40:05;17;14;3;1 2 3 4 5 6 8 9 10 11 12 14 15 16
726;19:41:05;17;13;4;1 3 4 5 6 8 9 10 11 12 14 15 16
727;19:42:05;17;14;3;1 2 3 4 5 6 8 9 10 11 12 14 15 16
728;19:43:05;17;14;3;1 2 3 4 5 6 8 9 10 11 12 14 15 16
729;19:44:06;17;14;3;1 2 3 4 5 6 8 9 10 11 12 14 15 16
730;19:45:06;17;14;3;1 2 3 4 5 6 8 9 10 11 12 14 15 16
731;19:46:06;17;14;3;1 2 3 4 5 6 8 9 10 11 12 14 15 16
732;19:47:06;17;14;3;1 2 3 4 5 6 8 9 10 11 12 14 15 16
733;19:48:06;17;14;3;1 2 3 4 5 6 8 9 10 11 12 14 15 16
734;19:49:06;17;14;3;1 2 3 4 5 6 8 9 10 11 12 14 15 16
735;19:50:06;17;14;3;1 2 3 4 5 6 8 9 10 11 12 14 15 16
736;19:51:06;17;14;3;1 2 3 4 5 6 8 9 10 11 12 14 15 16
737;19:52:06;17;14;3;1 2 3 4 5 6 8 9 10 11 12 14 15 16
738;19:53:07;17;14;3;1 2 3 4 5 6 8 9 10 11 12 14 15 16
739;19:54:07;17;13;4;1 2 3 4 5 6 8 10 11 12 14 15 16
740;19:55:07;17;14;3;1 2 3 4 5 6 8 10 11 12 13 14 15 16
741;19:56:07;17;15;2;1 2 3 4 5 6 8 9 10 11 12 13 14 15 16
742;19:57:07;17;15;2;1 2 3 4 5 6 8 9 10 11 12 13 14 15 16
743;19:58:07;17;15;2;1 2 3 4 5 6 8 9 10 11 12 13 14 15 16
744;19:59:07;17;15;2;1 2 3 4 5 6 8 9 10 11 12 13 14 15 16
745;20:00:07;17;15;2;1 2 3 4 5 6 8 9 10 11 12 13 14 15 16
746;20:01:07;17;15;2;1 2 3 4 5 6 8 9 10 11 12 13 14 15 16
747;20:02:07;17;15;2;1 2 3 4 5 6 8 9 10 11 12 13 14 15 16
748;20:03:07;17;15;2;1 2 3 4 5 6 8 9 10 11 12 13 14 15 16
749;20:04:08;17;15;2;1 2 3 4 5 6 8 9 10 11 12 13 14 15 16
750;20:05:08;17;15;2;1 2 3 4 5 6 8 9 10 11 12 13 14 15 16
751;20:06:08;17;15;2;1 2 3 4 5 6 8 9 10 11 12 13 14 15 16
752;20:07:08;17;15;2;1 2 3 4 5 6 8 9 10 11 12 13 14 15 16
753;20:08:08;17;15;2;1 2 3 4 5 6 8 9 10 11 12 13 14 15 16
754;20:09:08;17;15;2;1 2 3 4 5 6 8 9 10 11 12 13 14 15 16
755;20:10:08;17;15;2;1 2 3 4 5 6 8 9 10 11 12 13 14 15 16
756;20:11:08;17;15;2;1 2 3 4 5 6 8 9 10 11 12 13 14 15 16
757;20:12:08;17;15;2;1 2 3 4 5 6 8 9 10 11 12 13 14 15 16
758;20:13:09;17;15;2;1 2 3 4 5 6 8 9 10 11 12 13 14 15 16
759;20:14:09;17;15;2;1 2 3 4 5 6 8 9 10 11 12 13 14 15 16
760;20:15:09;17;15;2;1 2 3 4 5 6 8 9 10 11 12 13 14 15 16
761;20:16:09;17;15;2;1 2 3 4 5 6 8 9 10 11 12 13 14 15 16
762;20:17:09;17;15;2;1 2 3 4 5 6 8 9 10 11 12 13 14 15 16
763;20:18:09;17;15;2;1 2 3 4 5 6 8 9 10 11 12 13 14 15 16
764;20:19:09;17;15;2;1 2 3 4 5 6 8 9 10 11 12 13 14 15 16
765;20:20:09;17;15;2;1 2 3 4 5 6 8 9 10 11 12 13 14 15 16
766;20:21:09;17;15;2;1 2 3 4 5 6 8 9 10 11 12 13 14 15 16
767;20:22:09;17;15;2;1 2 3 4 5 6 8 9 10 11 12 13 14 15 16
768;20:23:09;17;15;2;1 2 3 4 5 6 8 9 10 11 12 13 14 15 16
769;20:24:10;17;15;2;1 2 3 4 5 6 8 9 10 11 12 13 14 15 16
770;20:25:10;17;15;2;1 2 3 4 5 6 8 9 10 11 12 13 14 15 16
771;20:26:10;17;15;2;1 2 3 4 5 6 8 9 10 11 12 13 14 15 16
772;20:27:10;17;15;2;1 2 3 4 5 6 8 9 10 11 12 13 14 15 16
773;20:28:10;17;15;2;1 2 3 4 5 6 8 9 10 11 12 13 14 15 16
774;20:29:10;17;15;2;1 2 3 4 5 6 8 9 10 11 12 13 14 15 16
775;20:30:10;17;15;2;1 2 3 4 5 6 8 9 10 11 12 13 14 15 16
776;20:31:10;17;15;2;1 2 3 4 5 6 8 9 10 11 12 13 14 15 16
777;20:32:10;17;15;2;1 2 3 4 5 6 8 9 10 11 12 13 14 15 16
778;20:33:10;17;15;2;1 2 3 4 5 6 8 9 10 11 12 13 14 15 16
779;20:34:10;17;15;2;1 2 3 4 5 6 8 9 10 11 12 13 14 15 16
780;20:35:11;17;15;2;1 2 3 4 5 6 8 9 10 11 12 13 14 15 16
781;20:36:11;17;15;2;1 2 3 4 5 6 8 9 10 11 12 13 14 15 16
782;20:37:11;17;15;2;1 2 3 4 5 6 8 9 10 11 12 13 14 15 16
783;20:38:11;17;15;2;1 2 3 4 5 6 8 9 10 11 12 13 14 15 16
784;20:39:11;17;15;2;1 2 3 4 5 6 8 9 10 11 12 13 14 15 16
785;20:40:11;17;15;2;1 2 3 4 5 6 8 9 10 11 12 13 14 15 16
786;20:41:11;17;15;2;1 2 3 4 5 6 8 9 10 11 12 13 14 15 16
787;20:42:11;17;15;2;1 2 3 4 5 6 8 9 10 11 12 13 14 15 16
788;20:43:11;17;15;2;1 2 3 4 5 6 8 9 10 11 12 13 14 15 16
789;20:44:11;17;14;3;1 2 3 4 5 6 8 9 10 11 13 14 15 16
790;20:45:11;17;13;4;2 3 4 5 6 8 9 10 11 13 14 15 16
791;20:46:11;17;13;4;2 3 4 5 6 8 9 10 11 13 14 15 16
792;20:47:12;17;12;5;2 3 5 6 8 9 10 11 13 14 15 16
793;20:48:12;17;12;5;2 3 5 6 8 9 10 11 13 14 15 16
794;20:49:12;17;12;5;2 3 5 6 8 9 10 11 13 14 15 16
795;20:50:12;17;12;5;2 3 5 6 8 9 10 11 13 14 15 16
796;20:51:12;17;12;5;2 3 5 6 8 9 10 11 13 14 15 16
797;20:52:12;17;12;5;2 3 5 6 8 9 10 11 13 14 15 16
798;20:53:12;17;10;7;2 3 6 8 9 10 11 13 15 16
799;20:54:12;17;8;9;2 3 8 9 10 11 13 15
800;20:55:12;17;9;8;2 3 4 8 9 10 11 13 15
801;20:56:12;17;9;8;2 3 4 8 9 10 11 13 15
802;20:57:12;17;9;8;2 3 4 8 9 10 11 13 15
803;20:58:12;17;9;8;2 3 4 8 9 10 11 13 15
804;20:59:12;17;9;8;2 3 4 8 9 10 11 13 15
805;21:00:12;17;9;8;2 3 4 8 9 10 11 13 15
806;21:01:12;17;9;8;2 3 4 8 9 10 11 13 15
807;21:02:12;17;9;8;2 3 4 8 9 10 11 13 15
808;21:03:13;17;9;8;2 3 4 8 9 10 11 13 15
809;21:04:13;17;9;8;2 3 4 8 9 10 11 13 15
810;21:05:13;17;9;8;2 3 4 8 9 10 11 13 15
811;21:06:13;17;9;8;2 3 4 8 9 10 11 13 15
812;21:07:13;17;8;9;2 3 4 8 10 11 13 15
813;21:08:13;17;8;9;2 3 4 8 10 11 13 15
814;21:09:13;17;7;10;2 3 4 8 11 13 15
815;21:10:13;17;7;10;2 3 4 8 11 13 15
816;21:11:13;17;7;10;2 3 4 8 11 13 15
817;21:12:13;17;6;11;2 3 4 8 11 13
818;21:13:13;17;6;11;2 3 4 8 11 13
819;21:14:13;17;6;11;2 3 4 8 11 13
820;21:15:13;17;6;11;2 3 4 8 11 13
821;21:16:14;17;6;11;2 3 4 8 11 13
822;21:17:14;17;6;11;2 3 4 8 11 13
823;21:18:14;17;6;11;2 3 4 8 11 13
824;21:19:14;17;6;11;2 3 4 8 11 13
825;21:20:14;17;6;11;2 3 4 8 11 13
826;21:21:14;17;6;11;2 3 4 8 11 13
827;21:22:14;17;6;11;2 3 4 8 11 13
828;21:23:14;17;6;11;2 3 4 8 11 13
829;21:24:14;17;6;11;2 3 4 8 11 13
830;21:25:14;17;6;11;2 3 4 8 11 13
831;21:26:14;17;6;11;2 3 4 8 11 13
832;21:27:14;17;6;11;2 3 4 8 11 13
833;21:28:14;17;6;11;2 3 4 8 11 13
834;21:29:14;17;6;11;2 3 4 8 11 13
835;21:30:14;17;6;11;2 3 4 8 11 13
836;21:31:15;17;6;11;2 3 4 8 11 13
837;21:32:15;17;6;11;2 3 4 8 11 13
838;21:33:15;17;6;11;2 3 4 8 11 13
839;21:34:15;17;6;11;2 3 4 8 11 13
840;21:35:15;17;6;11;2 3 4 8 11 13
841;21:36:15;17;6;11;2 3 4 8 11 13
842;21:37:15;17;6;11;2 3 4 8 11 13
843;21:38:15;17;6;11;2 3 4 8 11 13
844;21:39:15;17;6;11;2 3 4 8 11 13
845;21:40:16;17;6;11;2 3 4 8 11 13
846;21:41:16;17;6;11;2 3 4 8 11 13
847;21:42:16;17;6;11;2 3 4 8 11 13
848;21:43:16;17;6;11;2 3 4 8 11 13
849;21:44:16;17;6;11;2 3 4 8 11 13
850;21:45:16;17;6;11;2 3 4 8 11 13
851;21:46:16;17;6;11;2 3 4 8 11 13
852;21:47:16;17;6;11;2 3 4 8 11 13
853;21:48:16;17;6;11;2 3 4 8 11 13
854;21:49:16;17;6;11;2 3 4 8 11 13
855;21:50:16;17;6;11;2 3 4 8 11 13
856;21:51:16;17;6;11;2 3 4 8 11 13
857;21:52:16;17;6;11;2 3 4 8 11 13
858;21:53:16;17;6;11;2 3 4 8 11 13
859;21:54:16;17;6;11;2 3 4 8 11 13
860;21:55:16;17;6;11;2 3 4 8 11 13
861;21:56:17;17;6;11;2 3 4 8 11 13
862;21:57:17;17;6;11;2 3 4 8 11 13
863;21:58:17;17;6;11;2 3 4 8 11 13
864;21:59:17;17;6;11;2 3 4 8 11 13
865;22:00:17;17;6;11;2 3 4 8 11 13
866;22:01:17;17;6;11;2 3 4 8 11 13
867;22:02:17;17;6;11;2 3 4 8 11 13
868;22:03:18;17;6;11;2 3 4 8 11 13
869;22:04:18;17;6;11;2 3 4 8 11 13
870;22:05:18;17;6;11;2 3 4 8 11 13
871;22:06:18;17;6;11;2 3 4 8 11 13
872;22:07:18;17;6;11;2 3 4 8 11 13
873;22:08:18;17;6;11;2 3 4 8 11 13
874;22:09:18;17;6;11;2 3 4 8 11 13
875;22:10:18;17;6;11;2 3 4 8 11 13
876;22:11:18;17;5;12;2 3 4 8 13
877;22:12:19;17;5;12;2 3 4 8 13
878;22:13:19;17;5;12;2 3 4 8 13
879;22:14:19;17;5;12;2 3 4 8 13
880;22:15:19;17;5;12;2 3 4 8 13
881;22:16:19;17;5;12;2 3 4 8 13
882;22:17:19;17;5;12;2 3 4 8 13
883;22:18:19;17;4;13;2 3 4 13
884;22:19:19;17;3;14;2 3 4
885;22:20:19;17;1;16;2
